,acc,name
0,0.40660212664656403,lstm_final_8_0_trial_0.h5
1,0.3759720679257261,lstm_final_8_1_trial_1.h5
